<mvc:View controllerName="sync.e17.inventory4.controller.Main"
    xmlns:mvc="sap.ui.core.mvc" 
    displayBlock="true"
    xmlns="sap.m"
    xmlns:t="sap.ui.table"
    xmlns:l="sap.ui.layout"
    xmlns:core="sap.ui.core">

    <Page id="page" title="{i18n>title}">
        <headerContent>
            <Toolbar>
                <Title text="재고 이전 결재"/>
                <ToolbarSpacer/>
                <Button text="승인" press="onApprove" type="Accept"/>
                <Button text="반려" press="onReject" type="Reject" style="color:red"/>
            </Toolbar>
        </headerContent>
        <content>
            <VBox class="sapUiContentPadding">
                <Panel width="100%" class="sapUiTinyMarginTop">
                    <headerToolbar>
                        <Toolbar>
                            <Title text="결재 목록" level="H3"/>
                            <ToolbarSpacer/>
                            <Button icon="sap-icon://refresh" press="onRefresh" tooltip="새로고침"/>
                        </Toolbar>
                    </headerToolbar>
                    <VBox class="sapUiContentPadding">
                        <HBox    width="200%"  
                         class="sapUiTinyMarginBottom">
                            <Label width="200%"    text="조회 조건:"/>
                            <Select id="productSelect" change="onProductSelectChange">
                                <core:Item key="P1" text="모두 조회"/>
                                <core:Item key="P2" text="반려건 조회"/>
                                <core:Item key="P3" text="이전건 조회"/>
                                <!-- 하드코딩된 제품 코드 및 명칭 -->
                            </Select>
                        </HBox>
                        <VBox id="productDetails" visible="false">
                            <HBox>
                                <Label text="상품명: " class="sapUiTinyMarginEnd"/>
                                <Text id="productNameText"/>
                            </HBox>
                            <HBox>
                                <Label text="이미지: " class="sapUiTinyMarginEnd"/>
                                <Image id="productImage" width="100px" height="100px"/>
                            </HBox>
                        </VBox>
                    </VBox>
                    <t:Table id="inventoryTable" visibleRowCount="10" 
                    rows="{/inventorySet}" enableBusyIndicator="true">
                        <t:columns>
                            <t:Column>
                                <Label text="요청플랜트"/>
                                <t:template>
                                    <Text text="{Plantto}"/>
                                </t:template>
                            </t:Column>
                            <t:Column>
                                <Label text="본인 플랜트"/>
                                <t:template>
                                    <Text text="{Plantfr}"/>
                                </t:template>
                            </t:Column>
                            <t:Column>
                                <Label text="이전요청 문서"/>
                                <t:template>
                                    <Link text="{Movid}"/>
                                </t:template>
                            </t:Column>
                            <t:Column>
                                <Label text="고객 예약문서"/>
                                <t:template>
                                    <Text text="{Bookid}"/>
                                </t:template>
                            </t:Column>
                            <t:Column>
                                <Label text="자재코드"/>
                                <t:template>
                                    <Link text="{Matnr}" press="onMaterialLinkPress"/>
                                </t:template>
                            </t:Column>
                            <t:Column>
                                <Label text="배치번호"/>
                                <t:template>
                                    <Text text="{Charg}"/>
                                </t:template>
                            </t:Column>
                            <t:Column>
                                <Label text="전기일자"/>
                                <t:template>
                                    <Text text="{Elcdt}"/>
                                </t:template>
                            </t:Column>
                            <t:Column>
                                <Label text="전표통화금액"/>
                                <t:template>
                                    <Text text="{Dmbtr}"/>
                                </t:template>
                            </t:Column>
                            <t:Column>
                                <Label text="수량"/>
                                <t:template>
                                    <Text text="{Menge}"/>
                                </t:template>
                            </t:Column>
                      
                            <t:Column>
                                <Label text="단위"/>
                                <t:template>
                                    <Text text="{Meins}"/>
                                </t:template>
                            </t:Column>
                            <t:Column>
                                <Label text="결재상태"/>
                                <t:template>
                                    <Text text="{Status}"/>
                                </t:template>
                            </t:Column>
                        </t:columns>
                        <t:noData>
                            <Text text="데이터가 없습니다."/>
                        </t:noData>
                    </t:Table>
                </Panel>
            </VBox>
        </content>
    </Page>
</mvc:View>