<mvc:View controllerName="sync.e17.inventory4.controller.Sub"
    xmlns:mvc="sap.ui.core.mvc"
    xmlns="sap.m">

    <Page title="Plant Details" id="subPage" showNavButton="true" navButtonPress="onNavBack">
        <content>
            <RadioButtonGroup id="plantRadioGroup" columns="3" select="onPlantRadioSelect">
                <buttons>
                  <RadioButton text="CDC" id="10000"/>
                  <RadioButton text="RDC" id="10001"/>
                  <RadioButton text="구로직영점" id="10002"/>
                  <RadioButton text="평택직영점" id="10003"/>
                  <RadioButton text="종로직영점" id="10004"/>
                  <RadioButton text="인천직영점" id="10005"/>
                  <RadioButton text="오산직영점" id="10006"/>
                  <RadioButton text="대구직영점" id="10007"/>
                  <RadioButton text="대전직영점" id="10008"/>
                  <RadioButton text="부천직영점" id="10009"/>
                </buttons>
            </RadioButtonGroup>
            <!-- 선택한 Plant에 대한 상세 정보 표시를 위한 컨트롤 추가 -->
            <VBox id="plantDetailBox" class="sapUiResponsiveMargin">
    <Title id="selectedPlantTitle" text="선택한 Plant 상세 정보" level="H3"/>
    <HBox>
        <Label text="Plant 코드: " class="sapUiTinyMarginEnd"/>
        <Text id="selectedPlantCodeText"/>
    </HBox>
    <HBox>
        <Label text="상품명: " class="sapUiTinyMarginEnd"/>
        <Text id="selectedProductNameText"/>
    </HBox>
    <HBox>
        <Label text="배치번호: " class="sapUiTinyMarginEnd"/>
        <Text id="selectedBatchNumberText"/>
    </HBox>
    <HBox>
        <Label text="가격: " class="sapUiTinyMarginEnd"/>
        <Text id="selectedPriceText"/>
    </HBox>
    <HBox>
        <Label text="이미지: " class="sapUiTinyMarginEnd"/>
        <Image id="selectedProductImage" width="100px" height="100px"/>
    </HBox>
</VBox>  
           <Button text="조회" press="onSearch" class="sapUiSmallMarginTop"/>
        </content>
    </Page>
</mvc:View>